ward,mae,rmse,smape,mase
Abbey,3.429099648153635,4.336202483797688,36.331757820141206,0.6051352320271121
Abbey Road,2.670634914739456,3.3830010809623183,34.48281360319334,0.667658728684864
Abbey Wood,2.9558495098950295,3.4340364914525443,44.82788996190792,0.6954940023282422
Abingdon,2.2083333333333335,2.637865298557403,53.32171436894356,0.8030303030303031
Addiscombe East,2.5456820697477203,3.7357752826722948,51.02062970678685,0.7450776789505523
Addiscombe West,2.8462333659399035,3.4940890813167824,36.35492268208452,0.6697019684564479
Addison,2.0764550948809486,2.9319530178055975,44.205296242165666,0.7550745799567086
Aldborough,2.936462391017456,3.4189958761028376,64.70803511112759,0.8194778765630109
Aldbourne & Ramsbury,0.0,0.0,0.0,
Aldenham East,0.0,0.0,0.0,
Aldersgate,0.6768018014536054,0.7534717956247818,139.4702160132166,0.7383292379493877
Alexandra,1.018581081081081,1.3774672399291967,68.30181342958936,0.6111486486486485
Alexandra Park,2.101687178537094,3.1333030373246715,52.72953276132631,0.9700094670171204
Alibon,1.5936897410450044,2.34089653728993,62.93646146037505,0.8314902996756545
Alperton,2.482424305977266,3.150117793134098,43.80341935781008,0.6770248107210726
Alvaston North,0.0,0.0,0.0,
Ardwick,0.0,0.0,0.0,
Arnos Grove,2.650908398301732,3.0554657000397665,39.46029743266959,1.0969276130903718
Arsenal,2.988671074300658,3.4960925783479264,39.67384732165719,1.1569049319873514
Ashdown,0.08333333333333333,0.408248290463863,8.333333291666667,0.5
Ashford East,0.10981957352535944,0.20239393907127973,198.83799847184235,1.3178348823043133
Ashford North and Stanwell South,0.09065786794458501,0.2000967042258604,199.1473813851724,1.0878944153350203
Ashford Town,0.0,0.0,0.0,
Ashtead Park,0.0,0.0,0.0,
Auriol,0.0,0.0,0.0,
Aveley and Uplands,0.17567567556600536,0.17567567556600533,199.99998861538526,
Avonmore,1.7093622246294888,2.0719189170558585,45.77918742337345,0.707322299846685
Balham,3.6182214098261487,5.540141577540577,27.9698872783304,0.7236442819652298
Banstead Village,0.06659645246478298,0.2014664741232803,199.6488391274589,0.7991574295773958
Barking Riverside,3.3492965807382915,3.9705787268900283,59.255376012885364,1.0047889742214875
Barkingside,2.7430773758084386,3.433346039133397,71.54544564452884,0.6857693439521096
Barnehurst,1.4420668164082218,1.5969292539520024,102.05065560470797,0.8240381808046982
Barnes,2.5328574715976484,3.285504804987165,49.007411022768174,0.6754286590927062
Barnet Vale,3.377161165181151,4.26328624252086,49.04065012326026,0.8809985648298655
Barnhill,1.9032095685532002,2.279338134014845,48.56100749889805,0.9929789053321044
Barnsbury,2.6387837250820723,3.2168448608965203,44.6000397239857,0.7364047604880202
Basildon,0.0,0.0,0.0,
Battersea Park,3.3405797151844574,4.4216557819674485,31.061565146280547,1.0278706815952177
Bayswater,5.697170924493439,6.908564675314035,32.19921857494706,0.719642643093908
Beaconsfield,0.0,0.0,0.0,
Beam,2.2027365148181244,2.699785122139393,63.12808159090502,0.978994006585833
Beam Park,2.461886470549248,3.2365841169005933,48.379699362171785,0.923207426455968
Beauchief and Greenhill,0.0,0.0,0.0,
Beckenham Town & Copers Cope,3.077830355620762,4.264900245742954,38.77719493006522,0.7241953777931204
Beckton,3.5985172191365797,4.321183576563047,58.14609616204438,0.8996293047841449
Becontree,2.084235386651748,2.310313002665806,73.57481436794194,1.2505412319910487
Beddington,1.832892050826521,2.3279248118342664,53.70866012929386,0.9562915047790543
Bedfont,3.1489429719575774,3.6594456825953303,59.45218799779678,0.7872357429893944
Bedwell,0.0,0.0,0.0,
Bellingham,3.3971356834385826,4.0271016502628285,69.78075621946206,0.9706101952681665
Belmont,3.055568663111385,4.144373559641097,46.61267722456922,0.7971048686377525
Belmore,3.847081900187795,5.077583207801005,78.57830073153379,1.1541245700563385
Belsize,3.3399310916837437,4.143594077707154,35.40555397683963,0.7707533288500947
Belvedere,4.206119794662911,4.752022002601115,60.36238256588721,1.5294981071501494
Bensham Manor,3.7351141802892207,4.569751033945933,96.86416867272604,1.0671754800826345
Bentley,0.0,0.0,0.0,
Berrylands,1.3935170639443157,1.6629840434714835,93.32049479005605,0.7270523811883386
Bethnal Green,1.2119723289013653,1.225720457922557,195.3778110341636,4.847889315605461
Bethnal Green East,3.199370999633782,4.083177930052304,21.238813748464604,0.7243858867095355
Bethnal Green West,5.2549483944100635,6.826929855816721,33.533700122612835,0.7507069134871519
Bexleyheath,2.5500704049261906,2.8848683935202275,48.99593922160908,1.1333646244116402
Bickley & Sundridge,2.778476422861452,4.019132768910572,50.371243241965416,0.877413607219406
Biggin Hill,2.001073178243959,2.680962687400571,109.73791406688945,0.6489967064575002
Bircham with Rudhams,0.041666666666666664,0.2041241452319315,8.33333325,0.5
Blackfen & Lamorbey,1.681496528871816,2.1775414534994604,88.06586195352355,0.7206413695164925
Blackfriars & Trinity,0.0,0.0,0.0,
Blackheath,3.14039796646958,3.879536141214992,35.759609806958665,0.6387250101294061
Blackheath Westcombe,2.428944783263848,3.3009861884059966,45.09397385592933,0.6336377695470907
Blackwall & Cubitt Town,3.1869855833364014,3.6669577341550252,37.50677978742935,0.7648765400007362
Blakenall,0.0,0.0,0.0,
Blendon & Penhill,1.759109010981798,2.0812894788473875,69.0689973717101,0.7818262271030213
Bloomfield,0.0,0.0,0.0,
Bloomsbury,6.0580709946586495,7.2059855599410545,25.46052879113116,0.7197708112465723
Bockhanger,0.0,0.0,0.0,
Boleyn,3.2097308881974413,4.311099604944827,47.70497259733563,0.8559282368526511
Bolsover South,0.0,0.0,0.0,
Borough & Bankside,3.987720929777032,5.345292105334879,19.60342046203086,0.5500304730726941
Botwell,3.946711939289686,4.026837968011706,191.78311851496835,11.84013581786906
Bounds Green,2.138187268304164,2.594367675944581,74.9795852488789,0.8018202256140615
Bow East,4.670045045045045,5.64044325146934,35.16412078553348,1.0007239382239381
Bow West,4.958006974032275,5.694447645844934,55.80332741343697,1.1665898762428883
Bowes,1.4644667056844145,1.9983211867928228,54.059576444152746,0.6759077103158837
Brent,0.0,0.0,0.0,
Brentford,4.173686437723984,4.173866018123805,199.99999952076433,
Brentford East,4.022869230783779,4.953793979092492,99.79788497064064,1.0727651282090076
Brentford West,2.041770938092695,2.4853617804798014,66.35630575600209,0.9800500502844937
Brentwood North,0.041666666666666664,0.2041241452319315,8.33333325,0.5
Bridge,1.770998062468747,2.1847547782682932,52.25322230386582,0.8500790699849985
Brimsdown,2.7619369334229638,3.4916453525226485,26.484716324079738,0.736516515579457
Brixton Acre Lane,4.303200581484526,5.042108133976521,39.80055981289636,0.8752272369121069
Brixton North,3.581381019949378,4.922241082125785,35.21957091204121,0.8595314447878507
Brixton Rush Common,3.35010357866563,3.9915885697872557,55.84622541915591,1.0579274458944095
Brixton Windrush,3.5957207207207205,4.500064252983916,37.744963543566286,0.7845208845208845
"Brizes, Stondon Massey & South Weald",0.02027027026901635,0.02027027026901635,199.99990133338198,
Broad Green,3.0590733717022265,4.239754118131372,29.864628043898406,0.6017849255807659
Broad Oak & the Hallingburys,0.0,0.0,0.0,
Broadfield,0.0,0.0,0.0,
Brockley,4.215405102729265,5.608890215068462,29.715174899107378,0.5161720533954202
Bromley Common & Holwood,2.45894896485713,2.9057319669600044,46.56437618575833,0.7974969615752854
Bromley North,2.966285410852404,3.746705648224506,48.70042804466942,0.5393246201549826
Bromley South,3.8135987666158577,4.46307323813145,60.379148039871346,1.4300995374809466
Bromley Town,2.9298415302877903,3.5597692940905175,34.53784427787528,0.9014897016270124
Brompton & Hans Town,3.838705227134639,4.475297217390637,34.7176615925995,0.7807536055189096
Brondesbury Park,3.6171559403681695,4.738003121847285,38.868675927883686,0.5787449504589071
Brook Green,2.27221882825333,2.954328599944903,52.11108181808001,0.973808069251427
Brooklands,2.3716216216216215,2.3716216216216215,199.99999915669517,
Brownswood,2.575548306967525,3.377835859259927,50.171692544290714,0.6181315936722059
Broxbourne and Hoddesdon South,0.0,0.0,0.0,
Bruce Castle,2.7078698656096094,3.031654265294668,48.570553604715464,0.8782280645220354
Brunswick Park,2.334494752799943,2.6923742970493687,37.92705795358333,0.7571334333405221
Buckhurst Hill East & Whitebridge,0.027027027025768712,0.027027027025768712,199.99992600002736,
Buckhurst Hill West,0.027027026997654302,0.0270270269976543,199.9999260000273,
Bullsmoor,3.8393730116777296,4.529336057626853,66.80568783290907,1.0238328031140613
Bunhill,3.494813756061679,4.390865686789757,26.833830241577868,0.8922928738880883
Burnham,0.08333333333333333,0.28867513459481287,16.6666665,0.5
Burnt Oak,4.743729193932132,5.577453791395411,39.201411943034635,0.7692533827998052
Burrsville,0.041666666666666664,0.2041241452319315,8.33333325,0.5
Bush Fair,0.0,0.0,0.0,
Bush Hill Park,2.5248785786664327,3.0770331729883704,47.06378263549777,0.7768857165127485
Bushey Heath,0.06660939950033795,0.06666685005279217,199.99996991085166,
Bushey North,0.02027027027027027,0.02027027027027027,199.99990133338198,
Caledonian,2.528546835630482,3.133859980935569,38.6088079012046,0.6068512405513157
Camberwell Green,5.0987606737293,5.609605884284851,63.050634822757246,1.568849438070554
Camden Square,2.0729915020059217,2.554917296309142,65.71950907249563,0.7316440595315018
Camden Town,3.0135135135135136,3.806235672887996,40.98707773821801,0.6344238975817923
Campden,2.8562548421108147,4.00559555779529,32.403536496957436,0.612054609023746
Canary Wharf,4.57595588457752,5.4380333866788915,37.51851703354425,0.9983903748169135
Canbury,1.1221489352366245,1.129999062696939,199.99999819097286,
Canbury Gardens,1.8837661016629934,2.5642713949717764,61.53779036868594,0.7535064406651973
Cann Hall,2.9036346395425823,3.57324827581296,50.6694264016356,0.7574699059676301
Canning Town North,2.1760164283309225,2.6966696787972424,32.22445745630914,0.7680057982344431
Canning Town South,3.0104495712479338,4.311049576993835,47.00273266072239,0.8210317012494365
Cannon Hill,1.5786986084648944,1.817389880617045,74.85564845523292,1.184023956348671
Canonbury,3.699060740078121,4.237598890746331,53.14498063780913,0.8703672329595579
Canons,1.209056392028599,1.4381677012030882,49.99893625867369,0.6908893668734851
Cantelowes,1.2726625453871683,1.292646652261731,192.642472577705,15.27195054464602
Canvey Island East,0.0,0.0,0.0,
Carshalton Central,2.501310764356505,2.943399876304671,70.83428090269615,0.7320909554214161
Carshalton South & Clockhouse,1.690879969006862,2.0860190441641517,59.755470694876024,0.6340799883775733
Carterhatch,2.6221818894812583,3.2676701352051487,43.56953692457869,1.0150381507669386
Castle,0.08333333333333333,0.28867513459481287,16.6666665,0.5
Catford South,2.314651677220113,2.8125698505918426,33.647153941706556,0.6038221766661164
Cathall,3.324073112249037,4.220833661071934,79.44052057276835,0.8486995180210307
Cazenove,2.322361367957138,2.7314365286285223,50.15749629965045,0.7962381832995902
Centenary,2.0842850970976827,2.7760784186118617,58.50526511848388,0.8068200375861997
Central,0.14020270270173887,0.3469053419731835,199.00653594803055,0.5608108108069555
Central Greenford,2.5560048511671014,3.4449243897099295,57.527180258225826,1.1796945466925084
Central Harbour,0.0,0.0,0.0,
Chadwell,2.2088610347332693,2.595824386445792,48.15548105146575,0.7573237833371209
Chadwell Heath,1.7585666087156575,2.357389225475302,45.84484285203539,0.5410974180663561
Chalfont St Giles,0.041666666666666664,0.2041241452319315,8.33333325,0.5
Chalkwell,0.0,0.0,0.0,
Chalvey,0.0,0.0,0.0,
Champion Hill,1.3295528379603205,1.6863931329330422,52.58171614082953,0.7977317027761923
Chapel End,3.2671943212575756,3.84291880946076,70.30002706442401,1.188070662275482
Charlton Hornfair,1.444831831110464,1.8092666597889178,54.38710522066679,0.6421474804935395
Charlton Village & Riverside,2.517554860952342,2.925521021876979,77.28491046022377,1.0789520832652892
Charville,1.8439363600902194,2.3793364990885264,66.5558103707187,0.8510475508108706
Chaucer,4.255816519996982,6.1672204292067665,31.1403504506454,0.729568546285197
Cheam,3.1250885700067674,4.250527773864055,66.67718608775037,0.7353149576486512
Chelsea Riverside,2.539369259008012,2.967061483255455,52.112991796607766,0.870640888802747
Chelsfield,1.547948158363137,1.9398578040377212,43.205533286444876,0.977651468439876
Cheshunt North,0.0,0.0,0.0,
Cheshunt South and Theobalds,0.0,0.0,0.0,
Chessington South & Malden Rushett,1.5090984273785324,1.6848739109962099,106.75101629148855,0.9054590564271194
Chigwell with Lambourne,0.15934684553453915,0.21782900691885854,198.10377744703825,1.9121621464144698
Childs Hill,5.032642799308323,6.088214565801876,28.92293057143927,0.6862694726329531
Chingford Green,1.6641475149333225,2.14449419090031,52.47706035164911,0.6656590059733289
"Chipstead, Kingswood & Woodmansterne",0.08108108108108109,0.08108108108108109,199.99997533333638,
Chislehurst,4.626641278483412,5.077340448065764,63.37444022336838,1.156660319620853
Chiswick Gunnersbury,3.3915955599412158,4.143251002750529,35.7223444846026,0.7679084286659356
Chiswick Homefields,3.3574993668167132,4.363328105396163,38.27542348996018,0.6013431701761278
Chiswick Riverside,1.8051140716330154,2.3305176894641306,47.153081738777864,1.0314937552188659
Chorleywood South & Maple Cross,0.0,0.0,0.0,
Church Street,3.6600797158159164,4.962699426411796,38.444839261428804,0.5779073235498816
Churchfields,3.246073013813182,3.774828583775141,46.71538618945448,0.5193716822101091
Churchill,1.4420417290097298,1.443410164233996,199.99999861038404,
Cippenham Manor,0.0,0.0,0.0,
City Centre South,0.0,0.0,0.0,
Clapham Common & Abbeville,3.0836188383898118,3.632008677265544,46.01680484072021,0.7400685212135548
Clapham East,3.867124460432455,4.517358817144642,49.20360473919448,0.814131465354201
Clapham Park,2.8298379129593187,3.499764555770238,50.027652421869576,1.0611892173597446
Clapham Town,3.6666666666666665,4.30603050704229,35.39778728556222,1.0999999999999999
Claygate,0.0,0.0,0.0,
Clayhall,2.0568146362563233,2.538036683794167,43.68915714633168,0.6670750171642129
Cleeve Hill,0.041666666666666664,0.2041241452319315,8.33333325,0.5
Clementswood,2.9862031003121356,3.51083762186926,54.43339825613255,0.7166887440749125
Clerkenwell,2.691114853664177,3.5615133277703985,30.05147537104597,0.6870931541270239
Clissold,4.332134134064535,5.060165905671739,54.52663647527075,1.1552357690838762
Clock House,1.8947221212867469,2.3523631125538005,47.31905029331786,0.568416636386024
Cockfosters,4.274861373351346,4.6907787430961845,62.56338868177874,1.0687153433378365
Coleford,0.0,0.0,0.0,
Colham & Cowley,2.4134429887877147,3.018018084234849,38.562165210580005,0.6735189736151762
Colindale,8.714304487489374,8.729069710379777,195.39684196361824,34.857217949957494
Colindale North,2.089042714163231,2.455138782360282,51.94844528322072,0.8356170856652924
Colindale South,6.844111834784303,7.649798165328839,142.30166836245985,1.6425868403482327
College Park & Old Oak,4.318418832251954,5.200119829054622,63.11871429908348,0.9091408067898851
College Park and Old Oak,2.1050783588922712,2.1275268645239147,193.99329048780302,25.260940306707255
Colliers Wood,3.1243298752670268,3.595369788803766,68.35869340450932,1.013296175762279
Colnbrook & Poyle,0.041666666666666664,0.2041241452319315,8.33333325,0.5
Colville,2.832951328639632,3.2891829195601896,32.991191991483774,0.6180984717031924
Coningham,3.612986372204604,4.288404281513412,41.041349851573685,0.8180346503104763
Coombe Hill,2.7239464265506435,3.0165904260156164,67.4911508098154,1.7203872167688274
Coombe Vale,2.2531338852050395,2.703340307405138,63.4000935686185,0.6287815493595459
Coulsdon Town,1.495569565221291,1.8204840383175744,53.472224471006214,0.9445702517187101
Courtfield,3.5888710464836806,4.222089399086643,46.0888141005219,0.9163075012298759
Cranbrook,2.052298498686443,2.7727022984094445,41.50107500396205,0.8209193994745773
Cranford,2.490944225313411,3.2501543588834876,48.42177767622803,0.6498115370382811
Cranham,1.7132394305126724,2.294831660833111,98.20445601208151,0.9344942348250941
Crayford,3.6073105558420697,3.9974959654155255,68.57652150139847,1.169938558651482
Cricket Green,2.6091738709581374,3.496201490441855,44.582936428229345,0.8462185527431796
Cricklewood,3.0319803121670716,3.6400789854664675,29.03915856149901,0.6166739617966925
Cricklewood & Mapesbury,3.246120161257051,4.28124775727178,29.314661579201328,0.7949682027568289
Cringleford,0.0,0.0,0.0,
Cripplegate,1.6958261338237897,2.516543551174838,94.30438814700692,0.7017211588236372
Crockenhill and Well Hill,0.10022522522365677,0.2834886925646632,199.33765774316683,0.6013513513419407
Crofton Park,2.6663347776324753,3.145472172699431,46.2602750231413,0.7618099364664215
Crook Log,2.668813738562962,3.136845368359641,46.873650300479326,1.1043367194053637
Crouch End,6.188330607591079,7.404291002457678,67.58443605729921,1.1251510195620145
Crystal Palace,2.409954602325602,2.440223673669164,192.7099418083327,14.459727613953614
Crystal Palace & Anerley,3.592866579436967,4.2947846858027905,68.99493964375169,0.8982166448592418
Crystal Palace & Upper Norwood,3.1171101398177092,3.640658850254747,68.0482078400734,0.9843505704687503
Cuddington,0.23986486438544108,0.2653264039271717,197.0370281341907,2.878378372625293
Custom House,2.5644980407415816,3.1859356012286524,43.39485089118593,0.71567387183486
Dalgarno,1.8333333333333333,2.0966242709015206,46.13951169931287,1.0999999999999999
Dallow,0.0,0.0,0.0,
Dalston,4.317624960913149,5.258452266150393,39.5656954756005,0.6728766172851661
Danehill & Fletching,0.0,0.0,0.0,
Darwin,1.0066457172051897,1.6167971422210794,61.84504927008584,1.0981589642238434
De Beauvoir,3.3787713642526547,3.8996380020757644,37.779607108002615,0.5554144708360529
Denham,0.12837837837735575,0.27793194325963105,198.29056423207246,0.7702702702641345
Denne,0.0,0.0,0.0,
Deptford,4.943878878318325,6.156060208783252,39.829696927478324,1.0055346871155915
Dickinsons,0.0,0.0,0.0,
Dollis Hill,3.5810548226672965,4.401697065182971,30.931014125547545,0.7539062784562729
Dorchester East,0.0,0.0,0.0,
Dore and Totley,0.0,0.0,0.0,
Dormers Wells,1.346259632135886,1.576477703140097,29.979544590051184,0.7692912183633634
Downhall and Rawreth,0.041666666666666664,0.2041241452319315,8.33333325,0.5
Downham,2.439132735797911,2.9128373461261825,36.911449761459075,0.8130442452659703
Dulwich Hill,1.8261829024237768,2.141388811709826,47.08604289439099,0.8428536472725124
Dulwich Village,2.6826787025852714,3.1315069034579883,53.22507470442345,1.6096072215511628
Dulwich Wood,1.9398009639674523,2.4116793069103126,42.830933471758605,0.8621337617633121
Eaglescliffe West,0.0,0.0,0.0,
Ealing Broadway,3.9367961275715593,4.597810922779188,44.06134744368999,1.349758672310249
Ealing Common,3.7177566309090495,4.946530250872871,42.16566472355625,0.6759557510743727
Earl's Court,3.1296552796856774,3.6919203048931934,32.93848716389314,0.6588747957233005
East Acton,3.982547403183505,4.524174699810662,51.62518835215365,0.8384310322491589
East Barnet,2.3050888638075677,2.806486013857959,41.16044988580826,0.6915266591422703
East Cliff & Springbourne,0.0,0.0,0.0,
East Finchley,3.634392121809029,4.137460375602011,48.27193397081342,0.8076426937353398
East Greenwich,4.673423423423423,5.961845296767254,75.25648434941617,1.1683558558558558
East Ham,4.5846283737638265,5.7608506749709765,45.36272000689808,1.0579911631762677
East Ham South,1.97704681225174,2.481783388643563,39.87163488106526,0.7413925545944026
East Putney,5.081426590976047,5.907211071926077,53.583799100857256,1.563515874146476
East Sheen,3.6174129463990554,4.303250791189401,66.58015447655195,1.142340930441807
East Tilbury,0.041666666666666664,0.2041241452319315,8.33333325,0.5
East Wickham,2.4955631327055365,2.9152366118593194,65.94764118221684,0.9982252530822147
Eastbrook & Rush Green,2.0081651827563305,2.1778204379495625,113.63479183794547,0.7773542642927731
Eastbury,3.8494114588754993,4.47339496578569,56.74650163020243,1.0265097223667998
Eastcote,1.6006324901749602,2.0817346742365017,37.99678405333184,1.2004743676312202
Edgware,5.964863202733462,7.733816533140013,38.896819689611846,1.1544896521419603
Edgwarebury,3.298995391498199,3.8676182159104306,60.31069102911899,0.9655596267799607
Edmonton Green,3.6100906288535373,4.821703934896244,27.957452360721106,0.7220181257707075
Egham Town,0.0,0.0,0.0,
Elliman,0.0,0.0,0.0,
Elm Park,2.8903285489706345,3.8298774061212444,79.18187021544503,1.1959980202637108
Elstree,0.0,0.0,0.0,
Eltham Page,1.9569723379140307,2.5738263593489465,61.98723043230804,0.7338646267177615
Eltham Park & Progress,1.2587103676258005,1.8461611208405575,39.88816675372925,0.6293551838129002
Eltham Town & Avery Hill,3.8626704333936366,4.602646497266363,56.55745925240565,0.7598695934544859
Eltham West,2.8783783783783785,2.8783783783783785,199.99999930516432,
Emerson Park,2.1357436396575715,2.832578276266405,121.27683204605269,1.2814461837945428
Endlebury,1.4536010794177907,1.7223423453914517,65.44579610774107,1.026071350177264
Enfield Lock,5.783852492919938,6.370720518244579,57.837351709172054,1.1016861891276073
Erith,2.920185874090539,3.6046653067503955,46.77228252566769,0.7455793721082228
Eton & Castle,0.0,0.0,0.0,
Evelyn,3.126622393068035,3.8185303964743698,53.72760064260257,1.1369535974792855
Ewell Court,0.04729729729305949,0.04729729729305949,199.99995771429465,
Ewell Village,0.0,0.0,0.0,
Fairfield,7.77002045767027,8.878446392313034,43.685544995830334,2.220005845048649
Fairlop,1.6629810132953338,2.034330262016856,53.78754325879682,0.6236178799857502
Falconbrook,3.125,3.872055932120014,48.58351777801537,0.6147540983606558
Falconwood & Welling,2.386891759921651,3.465458969344573,51.48532123040231,0.9239581006148325
Faraday,4.714128438665925,6.525980773550298,43.4110957821658,0.6082746372472161
Farnborough & Crofton,2.137484024853828,3.1513461983501183,50.57054679675178,0.7328516656641697
Farnham Common and Burnham Beeches,0.0,0.0,0.0,
Farringdon Without,2.1999535646242308,2.931389149692825,35.549687228382766,0.6947221783023887
Feltham North,2.7439584460727993,3.4190884839892974,37.82795749231056,0.8231875338218397
Feltham West,2.474028796515333,3.410786427953397,34.376864795858246,0.6316669267698722
Figge's Marsh,1.458843449970048,1.7020648184959346,54.54278094840305,0.729421724985024
Finchley Church End,3.8099666343564778,4.694863372102051,36.685023484757515,0.993904339397342
Finsbury Park,7.748112358127069,8.62711092630348,62.74865269644469,2.066163295500552
Forest,2.5655435786061527,3.8534941103046654,48.563935415674024,0.6036573126132124
Forest Gate North,1.5085183445096488,2.0059602639259895,38.23445412123589,0.5324182392386996
Forest Gate South,2.55004313671184,3.5262580146135143,32.24229033261821,0.63751078417796
Forest Hill,2.2907549237672273,2.553865182190581,41.624655135613004,0.9478985891450596
Fortis Green,3.534295541238913,4.545178642627803,55.930201686640515,1.2117584712819132
Fortune Green,2.607161678826112,3.3026193238456716,32.57600358504713,0.5302701719646329
Friern Barnet,3.5020155353022298,4.764245258994511,44.407234922316086,0.700403107060446
Frognal,2.961840557618198,3.801295426610072,57.34732864521014,0.8462401593194852
Fulham Reach,2.336508570885728,2.672525308170544,33.09932620996741,1.2190479500273361
Fulham Town,1.6789314681475869,2.0897328140966294,30.766996604120045,0.9157808008077747
Fullwell,2.7355181880491855,3.468780767813498,63.02871926066879,0.841697904015134
Fulwell & Hampton Hill,2.168373347796694,2.6039650338224094,58.6872874380688,0.6505120043390081
Furzedown,3.9358967606931614,4.458772770815876,66.80973095435284,1.5235729396231592
Gade Valley,0.0,0.0,0.0,
Garden Suburb,2.7916666666666665,3.6565028264925306,42.738034561048075,0.6090909090909091
Gascoigne,1.6683651088345115,2.054871003360534,40.36171404325488,0.690357976069453
Gillingham South,0.0,0.0,0.0,
Gipsy Hill,1.9540368331095526,2.5635134331411944,47.131644715855494,0.6699554856375609
Goffs Oak,0.0,0.0,0.0,
Golborne,2.2815315315315314,2.7979935591681295,37.788104851017685,0.6518661518661518
Golders Green,2.860130322166413,3.6057331825605283,33.646110612080435,0.6240284339272174
Goodmayes,2.517798557455653,3.022415510286251,47.905525703450415,0.7747072484478933
Goose Green,4.315707246487778,5.00658986499818,60.73049813234673,2.157853623243889
Gooshays,2.751484307474454,3.613551939773975,36.66040212992987,0.5792598542051483
Goresbrook,2.907927228446851,3.221573987749557,92.47552955522936,1.0574280830715823
Gospel Oak,3.298576918259545,4.086528474000534,42.873289206854196,0.694437245949378
Grange Hill,0.3462866689268464,0.4363976123302482,183.7574436872689,0.6925733378536928
Grange Park,2.9045941469957817,3.5903931132593376,83.3538486431214,1.0251508754102758
Graveney,1.914439760475302,2.219033622982547,60.33326454110829,0.957219880237651
Grays Riverside,0.0,0.0,0.0,
Green Lane & St James,0.8581923428366321,1.0291408081300275,66.67701660744358,0.7921775472338144
Green Street East,2.625912983772659,3.263152558183383,62.32683365294987,0.6302191161054381
Green Street West,2.056925010620136,2.5025729138695243,42.671664393327774,0.5365891332052528
Greenford Broadway,2.3932158671032693,2.8650885871340113,50.792919952271234,0.8702603153102797
Greenhill,2.9862874313888415,3.6442853427213904,36.732098092397585,0.6073804945197643
Greenstead,0.0,0.0,0.0,
Greenwich Creekside,2.419232939898017,3.3977225443512644,36.1467977604717,0.592465209770943
Greenwich Park,2.5833333333333335,3.310904718173198,50.098752513558296,0.7045454545454546
Greenwich Peninsula,4.244546727992208,5.584966190335778,37.62183708202236,1.306014377843756
Greenwich West,4.6918823171035955,4.825214282902824,187.09426761611104,9.383764634207191
Grove,3.302135737019795,3.936122911054088,56.174786019802724,0.943467353434227
Grove Green,2.6945663328140177,3.094666285129865,61.30132120342901,0.6466959198753642
Grove Park,2.1039491769692136,2.5588689824453876,49.53669948550428,1.1476086419832074
Hackbridge,1.486643702328769,1.9046484654707818,75.83233485494615,0.6861432472286627
Hackney Central,2.324181659380672,2.7032762514097897,22.520892981360742,0.7151328182709761
Hackney Downs,3.884682480797467,4.656663112961775,41.49006410963466,0.6957640264114866
Hackney Wick,3.5610020833048672,4.537164813613589,46.20515429535392,1.3784524193438195
Hacton,1.0101356613723143,1.1943971896005432,85.2849067676423,0.7130369374392806
Haggerston,3.1730096894309057,3.890871027246165,38.69447871251231,0.6922930231485612
Hainault,2.57843551503883,3.0372866041271136,61.393222150779145,0.6875828040103547
Hale End & Highams Park South,1.895456891618074,2.8490760264215824,75.61210557531149,0.7107963343567778
"Halstead, Knockholt and Badgers Mount",0.0,0.0,0.0,
"Ham, Petersham & Richmond Riverside",2.470658659653045,2.8779886289828958,52.44052981577142,0.9563839972850495
Hammersmith Broadway,1.8327702702702708,2.3237120762885333,45.903872279227365,0.7331081081081083
Hampstead Town,1.7584936216552915,2.062012310830189,41.4415231014128,0.8440769383945399
Hampton,1.6916161278467445,2.2405003656799334,44.08489025604852,0.9666377873409969
Hampton North,3.0042131890976065,3.473036405411315,70.03562590128362,1.0300159505477509
Hampton Wick & South Teddington,3.009146070187242,4.45095291540947,65.47041887604512,0.668699126708276
Hanger Hill,3.6499002819035358,4.186977626573997,45.53635604910789,0.9318894336774985
Hangleton & Knoll,0.0,0.0,0.0,
Hanwell Broadway,3.6358734343184707,4.396488473475042,45.80303053373672,0.9484887219961228
Hanworth Park,1.719265484492089,1.9106685009572624,32.5374333802266,0.6251874489062141
Hanworth Village,3.1006797291065715,3.6483973384303554,54.58600997141866,0.8456399261199741
Hardwicke,0.0,0.0,0.0,
Harefield Village,1.4697891038998774,1.9760400572035397,78.4014231424127,0.7668464889912403
Harlesden & Kensal Green,4.505779247804729,5.804413365145591,45.97996679075224,0.8720863060267218
Harold Wood,3.0563064618129707,3.874887219589484,47.36551599219532,0.5093844103021617
Harringay,3.964527405417833,4.482776064357566,52.24340936295862,0.9148909397118077
Harrow Road,2.6696362696043376,3.2491873801242313,42.39186589710213,0.8898787565347792
Harrow Weald,2.4351901651771115,2.846988080015794,41.069270594493055,0.8117300550590372
Harrow on the Hill,1.7110822481045822,1.9330872196182973,51.96410832645477,0.6416558430392184
Haselbury,3.014705895864339,3.3539933046729207,43.602989728161035,0.6825749198183408
Hatch End,1.503785355694177,2.1774355183974,43.11939069273456,0.5468310384342462
Hatch Lane & Highams Park North,1.4914271118465692,1.8145189995254074,55.8510732246678,1.4914271118465692
Havering-atte-Bower,2.0047618343991416,2.9755979541215765,49.700312366807296,0.6330826845470974
Haverstock,2.8927116449424495,3.5158107478283775,38.219720282923134,1.2397335621181926
Hayes & Coney Hall,2.2648547657199036,2.568844763265183,53.94407555023024,0.9059419062879615
Hayes Town,6.353737789599101,7.904283035849247,66.35408761460887,1.1049978764520176
Headingley & Hyde Park,0.0,0.0,0.0,
Headstone,2.931136308337413,4.101616848299592,50.75790269885773,1.0991761156265298
Headstone North,0.6418052503372352,0.6418052503372352,199.99999688378992,
Heath,1.5395062807681776,1.7377925381007218,58.032413126894724,0.7697531403840888
Heathfield,2.579396909969746,2.783990299233558,59.7642191171852,1.1054558185584624
Heathrow Villages,4.577533248021108,5.484293727788761,49.19406409208349,1.0986079795250658
Heaton,4.012136197948684,4.891301325349857,41.10329950699778,0.60943840981499
Hendon,3.4262555241733565,4.125012267689604,27.434800934267688,0.9561643323274484
Hermitage & Gardens,1.2291997527069085,1.5834902634693289,46.63350599307473,0.7375198516241451
Herne Hill & Loughborough Junction,2.762590516705254,3.5231381379561935,31.02824473897246,0.6139090037122786
Heston Central,2.3986304807257217,3.2834383488572856,42.48826838022842,0.5996576201814304
Heston East,2.5999907997203637,2.8447878072552557,56.923900540190346,0.8210497262274833
Heston West,4.059155260155922,5.1682433925671045,57.73327215440924,0.5598834841594376
High Barnet,1.7055453883168281,2.172737575802978,41.31166285536271,0.8186617863920774
High Street,3.759439245000365,5.0411476671262765,47.81299513161536,1.0491458358140553
Higham Hill,1.6687187881932524,2.0093009784707596,36.98145907729951,0.6257695455724697
Highbury,3.1136515783548795,3.668146370054972,49.030276474371504,0.8122569334838816
Highbury West,0.5557432432419688,0.5562743908839125,194.01154057885944,6.668918918903626
Highfield,3.379392610990084,4.1374024527150395,74.4802909937071,0.7798598333054041
Highgate,4.515184208261178,5.48982177945502,25.516554529599816,0.8335724692174481
Hillingdon East,1.9945417601649424,2.3846577797121333,75.51403183012076,0.7039559153523326
Hillingdon West,2.4869402714105084,3.3711475696997644,81.43332570426578,0.9947761085642034
Hillrise,4.580477434889009,5.967688313514287,46.098781695279825,0.7328763895822415
Hillside,1.5439505272922418,1.8043130643919036,50.61326120350136,0.7719752636461209
Hinchley Wood and Weston Green,0.0,0.0,0.0,
Hither Green,2.3775989375236084,2.841913828472082,27.765319855717678,0.6958826158605683
Hoe Street,4.039861631506095,5.249963343068972,52.59327087928188,0.835833441001261
Hoe Valley,0.0,0.0,0.0,
Holborn & Covent Garden,3.8042237379617867,4.745388337418577,18.5483279554721,0.8300124519189354
Holland,1.9951740371435063,2.3935659765688633,29.527230302578637,0.855074587347217
Holloway,3.2816789630616454,4.620186977700454,33.618605098360035,0.6153148055740586
Homerton,3.374216176337755,4.2444387501533045,30.842159187186134,0.6043372256127323
Hook & Chessington North,1.2831854593517187,1.5981558620040985,108.66291958740241,0.7699112756110311
"Hooley, Merstham & Netherne",0.05405405392100305,0.05405405392100305,199.99996300000677,
Horley West & Sidlow,0.0,0.0,0.0,
Hornsey,4.185761031924597,4.721909502787823,55.8867828549645,1.1959317234070277
Hotham,0.0,0.0,0.0,
Hounslow Central,3.0106010063026107,3.62896728441621,49.775270583910974,0.8028269350140296
Hounslow East,1.9185071107061316,2.619960757410244,40.74381383129489,0.7426479138217283
Hounslow Heath,3.0416666666666665,3.673984525017357,65.63776220415734,0.6403508771929824
Hounslow South,2.207801032140683,2.855270371848386,104.09224852196799,0.8279253870527561
Hounslow West,2.925688530561873,3.704945819776968,55.511363814249805,0.5755452847006964
Hoxton East & Shoreditch,6.109773980869033,7.222987050737803,32.03157367626194,0.9164660971303549
Hoxton West,4.255589999709551,4.886468867471713,39.852737842074546,0.7737436363108275
Hyde Park,4.4155405405405395,5.475119143209126,39.91668441723227,0.6793139293139292
Hylands & Harrow Lodge,2.153241454762705,2.5536266286915486,66.74969013570157,0.8074655455360144
Ickenham & South Harefield,1.7532182125307998,2.177447056464228,57.02012624282203,0.8415447420147838
Ilford Town,2.3890765765765765,3.0499803413768896,29.096097402322485,0.7351004851004851
Irchester,0.0,0.0,0.0,
Island Gardens,2.472051733978427,2.851178247738258,67.47829465093105,0.8240172446594757
Isleworth,1.7622929848591602,2.2841187936256806,52.63107349361134,0.7552684220824972
Iver,0.020270270269930522,0.020270270269930522,199.99990133338198,
Joyce Green,0.0,0.0,0.0,
Jubilee,3.396828320386095,3.9009619798143644,44.78945762196751,0.97052237725317
Junction,5.829735454736589,7.73015069893614,48.05961404711559,0.863664511812828
Kelsey & Eden Park,2.511600014348354,2.9486209812849467,44.31535430521141,0.9418500053806328
Kenley,1.240072020566223,1.4843984877707026,41.33820402367414,0.9300540154246673
Kennington,3.4030086401832365,4.141264817299204,43.08961484421761,1.103678477897266
Kentish Town North,2.3826896777950726,2.9071924474407735,50.78955943500176,0.6498244575804744
Kentish Town South,2.465378815239029,2.9390011019392084,41.3801474684316,0.8452727366533814
Kenton,2.3213364372818965,2.8021270314674913,42.488544466170815,0.7528658715508854
Kenton East,2.669364181498839,3.0670501993515824,77.03648343528337,1.0677456725995356
Kenton West,1.0544298435367596,1.2564215427340049,66.00508268921165,0.7443034189671244
Kessingland,0.041666666666666664,0.2041241452319315,8.33333325,0.5
Kew,3.6102492171454847,4.476036995093216,60.958059445097135,0.7102129607499315
Kidbrooke Park,2.2565280082535195,2.5822015095671595,54.77605535325842,0.6154167295236872
Kidbrooke Village & Sutcliffe,4.90053008694312,5.962051108600657,109.6495719093758,1.63351002898104
Kilburn,9.8565711686529,12.52963116975838,36.21909626666959,0.6096848145558494
King George's & Sunray,0.9015327413692876,1.2533907336448213,56.26510908592803,0.6363760527312619
King's Cross,2.861384656334387,3.83162137896943,30.460356359035078,0.7305662952343116
King's Park,3.143472099318372,3.806602922250579,53.90602756360595,0.6084139547067816
Kingsbury,2.4721602088042895,3.170042336116778,58.90511633558507,1.0987378705796842
Kingston Gate,2.553397313956125,2.812583762268193,83.92060557744911,0.8754505076421001
Kingston Town,3.5412378182184714,4.688506368643572,50.59047730668009,0.5985190678679106
Knight's Hill,2.5266238682483224,2.9438056338581973,50.663252044234376,0.7978812215521018
Knightsbridge & Belgravia,3.463963963963964,4.165508117480473,43.253915399952696,0.7993762993762994
Knightsbridge and Belgravia,3.412162162162162,3.412162162162162,199.9999994138614,
Lady Margaret,1.3177316411034499,1.7369979538754752,35.270528704861064,0.7187627133291545
Ladywell,3.1830375489752156,3.9376452433058473,55.46973997036403,0.5787340998136755
Ladywood,0.0,0.0,0.0,
Laleham and Shepperton Green,0.0,0.0,0.0,
Lancaster Gate,4.749437545508695,5.899446328642925,32.23282454892828,0.7701790614338423
Lanchester,0.0,0.0,0.0,
Langley Green & Tushmore,0.0,0.0,0.0,
Langley Meads,0.0,0.0,0.0,
Langley St Mary's,0.0,0.0,0.0,
Lansbury,4.813207146893155,5.68107385374717,40.31332930527681,0.9024763400424666
Larkswood,2.4876673575952446,3.481753908065369,44.269620710070726,0.7463002072785734
Lavender,3.5797690966264515,4.2963654836045455,35.194875503114595,0.6608804486079602
Lavender Fields,2.4051477928397094,3.51572788406316,56.09815971254989,0.5890157860015616
Laycock,3.726379945399824,4.071423661953212,40.61067224769116,0.9937013187732864
Lea Bridge,5.5575598809797055,6.825392970295489,31.44753141348824,0.7939371258542437
Leatherhead North,0.041666666666666664,0.2041241452319315,8.33333325,0.5
Lee Green,2.7998155830875775,3.1458122580767993,49.82348950585022,0.7999473094535936
Leverstock Green,0.041666666666666664,0.2041241452319315,8.33333325,0.5
Lewisham Central,2.5406126126374544,3.2700289825911377,37.99716161073061,0.8239824689634987
Leyton,3.1247265500647323,4.30739288439692,36.831957498212134,0.6147003049307671
Leytonstone,2.485069420406432,3.3109633933392058,40.6583999870696,0.5421969644523125
Lillie,1.4262956691417668,1.7468845811045202,63.791967928584135,0.7779794558955092
Limehouse,3.234913604102573,3.8109966824472807,61.588610076165665,0.946803981688558
Little Ilford,2.0645644502761273,2.463111363790332,40.4967136870724,0.750750709191319
Little London & Woodhouse,0.0,0.0,0.0,
Little Venice,2.8405587477246415,3.3300362151357636,39.25440681806278,0.8740180762229666
London Bridge & West Bermondsey,4.343886057378291,6.6043566822478255,26.18926705701657,0.5373879658612318
London Fields,4.678594806430989,5.815196522477485,34.226454607468845,0.5728891599711415
Long Ditton,0.1699243028775943,0.337220768853688,197.193906666783,0.6796972115103772
Longbridge,1.4579461886298055,1.797062085868054,43.05745206837337,1.1663569509038445
Longlands,1.7379860199204025,1.961488756729936,86.56200149262837,1.1586573466136016
Longsight,0.0,0.0,0.0,
Longthornton,2.04368264214888,2.509138749482713,54.38466212546776,0.817473056859552
Loughton Fairmead,0.0,0.0,0.0,
Lower Edmonton,2.9038577352599795,3.574697322003498,36.61463652845396,0.7919612005254489
Lower Morden,2.021498741380791,2.4506751297114757,72.84315744113944,1.1026356771167953
Loxford,2.2570755591610654,2.6806988408450247,34.42896605914345,0.6771226677483196
Maida Vale,2.4687997641555937,3.30583998951816,28.167277735080432,0.6733090265878892
Manor Park,2.3326607048139065,3.021308250787758,41.090320107409624,0.7775535682713022
Markhouse,1.3895630229335236,1.8969867977850683,79.43973940120688,0.6175835657482327
Marlborough,1.8314094155850338,2.278910935223716,48.048716840808645,0.8790765194808161
Marshalls & Rise Park,3.0447076985594457,5.106375574993381,51.48345664009022,0.7773721783556031
Maryland,2.1666666666666665,2.7254406339187565,48.20559702803089,0.5652173913043478
Marylebone,6.475260531278977,8.891115288894666,19.46575330650594,0.7471454459168051
Mawneys,2.561176554789346,2.9766693135083764,65.26859682328657,0.7147469455226082
Mayesbrook,2.511099654735169,2.9679829172744765,52.169857293160874,0.6550694751483049
Mayfield,2.9776553709649782,3.9769881865760492,92.71688455834595,0.9162016526046087
Meriden,0.0,0.0,0.0,
Merton Park,1.8372283498800195,2.2801312079981355,65.73130355203443,1.0021245544800106
"Mickleham, Westcott & Okewood",0.0,0.0,0.0,
Middle Park & Horn Park,1.4218832425660857,1.8971544493647,66.0174857176338,0.7755726777633195
Mildmay,4.090332681305039,4.647557482624251,67.80860518312917,1.0443402590566058
Mile End,2.6970720720720727,3.28679004495426,21.72547531177688,0.82986832986833
Mill Hill,3.8404209301953913,4.750721390016807,54.683561879872975,0.8229473421847266
Molesey East,0.08108108108108109,0.08108108108108109,199.99997533333638,
Molesey West,0.07432432412329901,0.07432432412329901,199.99997309091268,
Molyneux,0.041666666666666664,0.2041241452319315,8.33333325,0.5
Monkhams,1.4772117978006436,1.7985165081860246,53.47390908171771,0.6112600542623353
Moor Park & Eastbury,0.03348604897068916,0.03350285270243966,199.99994020341535,
Mortlake & Barnes Common,3.624198721625214,4.13702157851909,54.49722691462225,0.9664529924333904
Motspur Park & Old Malden East,1.5763323616197702,1.9640873291362029,83.4289383565643,0.6755710121227586
Mottingham,1.6297826734148806,2.0138225002724006,41.82565180490856,0.6984782886063774
"Mottingham, Coldharbour & New Eltham",1.936935718176852,2.4821326188753914,67.42606250406365,0.5810807154530556
Moulsecoomb & Bevendean,0.041666666666666664,0.2041241452319315,8.33333325,0.5
Munster,2.8316223354327046,3.626324684338269,49.07904093588087,0.9438741118109015
Muswell Hill,1.7732528757470638,2.113063815303169,40.437426460664945,1.0132873575697507
Myatt's Fields,2.641964754141572,3.0232661387259863,62.37728432984112,0.9607144560514808
Neath East,0.0,0.0,0.0,
Nechells,0.0,0.0,0.0,
New Addington North,1.0306068556931278,1.3559974866931546,62.271653163028816,0.6183641134158767
New Addington South,2.198046526615957,2.674653773674796,61.26142400284825,1.5515622540818517
New Cross Gate,2.1918843117313584,2.837811106285859,33.56978124308706,0.6415271156286904
New Malden Village,2.6861428981896918,3.3020259444787117,70.03693921892518,0.871181480493954
New Southgate,1.9501408047368205,2.3488136648406717,57.993838115293485,0.9750704023684102
Newbury,1.8519564330980423,2.8659102410399337,63.48773565564273,0.7936956141848752
Newington,3.0133856774320678,4.234305141311375,34.66008885767219,0.6234591056756003
Newtown,0.041666666666666664,0.2041241452319315,8.33333325,0.5
Nine Elms,5.051679165785129,5.877161071388539,123.22943396866496,1.7320042854120443
Noel Park,2.15102478812004,2.602828136188957,21.945447944926542,0.860409915248016
Nonsuch,0.19093719387211014,0.2321621425488137,197.42177567782971,2.291246326465322
Norbiton,1.7742049643175302,2.3822240121886176,47.664647962854076,0.709681985727012
Norbury & Pollards Hill,2.6642287608242854,3.235663436063818,43.029060880534885,0.8197626956382417
Norbury Park,1.231126044823477,1.5268338093349594,57.36708479403719,0.7775532914674592
Nork,0.09235694874380353,0.19964807930711706,199.06363144261346,1.1082833849256424
Norland,2.4639639639639648,2.8511485346936607,52.94546371383736,0.985585585585586
Normanton,0.0,0.0,0.0,
North Acton,4.094305671835404,4.668141355938227,42.17427732901764,0.7558718163388437
North Bermondsey,3.7494369369369367,5.228510345073121,31.082183012991553,0.633707651313285
North Cheam,1.8456324909889343,2.0803071534827793,87.25714861343482,1.4765059927911475
North Greenford,3.162448510778288,4.830513983014849,69.40642678966128,0.6432098665989738
North Hanwell,2.3161401203033822,3.0527296707840685,49.39835710818319,0.7126584985548868
North Harrow,1.3676215064666994,1.5709698403377303,70.57327953284278,0.8205729038800196
North Richmond,1.8438294934692125,2.27656742808567,45.16708591822369,0.5822619453060671
North Walworth,4.610909299290738,6.121561249214913,39.882337170743284,0.9070641244506371
Northaw and Cuffley,0.0,0.0,0.0,
Northborough & Lynch Hill Valley,0.0,0.0,0.0,
Northbury,2.2120750419519517,2.5722604543972123,51.58056028427579,0.6173232675214748
Northcote,2.4045426840637236,2.876462469580652,57.92988847501487,0.6870121954467782
Northfield,2.992874771380908,3.3860871324952506,75.8095556297937,0.816238574012975
Northfleet South,0.0,0.0,0.0,
Northolt Mandeville,4.082419724022864,5.12226183857537,79.2603302921998,1.1392799229831247
Northolt West End,2.0248263823008323,2.5682330359350933,49.40065025164619,0.7146446055179407
Northumberland Heath,2.534902296545027,2.9639075028905597,88.21903723899968,1.0863866985192971
Northumberland Park,4.8391369090756235,5.583575118898421,39.32113657666921,0.9519613591624178
Northwick Park,2.4669843012101094,2.75465512872844,106.08808067159588,0.9549616649845584
Northwood,2.560749403762817,2.9984928264460664,53.98514241469332,1.2803747018814085
Northwood Hills,2.013640293520309,2.3262061370696454,40.34933182041555,0.9665473408897483
Norwood Green,2.615587155759764,3.2347926763560957,43.247630988721355,0.6154322719434738
Notting Dale,1.8032904648160712,2.2009916682481054,42.72217902146164,0.772838770635459
Nunhead & Queen's Road,3.8743012734593463,4.946455962635324,46.680770388210426,0.9116002996374932
Oakwood,1.4514011161443863,1.6993101635590258,55.243598858544686,0.9166743891438229
Oatlands and Burwood Park,0.0,0.0,0.0,
Ockendon,0.08333333333333333,0.408248290463863,8.333333291666667,0.5
Old Coulsdon,1.5748707906562658,1.8066836383927893,68.99496325008828,0.9449224743937594
Old Kent Road,2.9166666666666665,3.6113875466516148,39.786134209268134,0.7
Old Malden,1.5078229546037132,1.7200826327748278,119.7522029668826,0.9523092344865557
Orpington,2.908264214538781,3.5667565235233045,58.38542986148404,0.6345303740811886
Orsett,0.02702702699858713,0.02702702699858713,199.9999260000273,
Osterley & Spring Grove,3.50820065652465,4.741072516177266,48.80364375160296,0.9567819972339956
Oval,4.11936936936937,4.656917012923298,70.59738739140822,0.9886486486486487
Oxton,0.0,0.0,0.0,
Palace & Hurlingham,2.6009881471124756,3.5177530937753207,57.66159050903873,0.9179958166279325
Palmers Green,2.4306295910645317,3.180902988007911,45.18392531884472,1.0057777618198063
Park Hill & Whitgift,3.0154765191184327,3.8098640586009678,72.2555572202341,1.0051588397061442
Park Wood,0.0,0.0,0.0,
Parsloes,2.31948676361518,2.5916569986119873,56.421406331919,0.7324695042995305
Parsons Green & Sandford,1.745715867210654,2.188063541331653,47.005100907902516,0.910808278544689
Paulsgrove,0.0,0.0,0.0,
Peckham,2.9751899436382927,3.7392667014866143,37.19318076210662,0.8114154391740799
Peckham Rye,1.8968050859032466,2.2171229110085635,56.719359448472474,0.7587220343612986
Pembridge,2.577333934863847,3.208996195803894,40.845776209731724,0.6185601443673232
Penenden Heath,0.0,0.0,0.0,
Penge & Cator,4.546705328960005,6.350325013752032,38.053273637762324,0.7179008414147378
Peninsula,10.276337486324673,10.295241668932817,194.82409911337137,30.82901245897402
Pensby and Thingwall,0.0,0.0,0.0,
Perivale,3.073394207539442,3.8875218146131414,42.39535350401564,0.8195717886771845
Perry Vale,3.611134727665423,4.238655015238393,40.00629571264005,0.7602388900348259
Petts Wood & Knoll,2.6097643128666945,3.2895492272078903,64.06840713882183,1.043905725146678
Piccadilly,0.0,0.0,0.0,
Pilgrims Hatch,0.0,0.0,0.0,
Pimlico North,2.8180130522352633,3.6137100098211454,32.58548030285734,0.638040691072135
Pimlico South,2.1463963963963963,2.7577612549005983,65.2720044988001,0.9539539539539539
Pinkwell,7.407115456634981,8.832210139750376,96.08359584914184,1.1851384730615968
Pinner,3.446147628482033,3.977474122881719,65.24528176675456,1.1815363297652686
Pinner South,2.0781321269834936,2.481577139070709,55.4626624696328,1.5585990952376203
Pitshanger,2.87119745022315,3.8859819311566124,51.83358511853885,1.0766990438336812
Plaistow,2.300542031556886,3.1077032752227964,59.6990806680774,0.6134778750818363
Plaistow North,2.344123459368627,2.830497052850393,35.96784222772922,0.8790462972632351
Plaistow South,3.1124725710611307,3.7563900039041416,45.562391206763024,0.8892778774460374
Plaistow West & Canning Town East,2.0718357800106477,2.3751064283313443,28.32951820292105,0.8020009471008959
Plashet,1.2030785070658634,1.4201274883164245,66.02363612770593,0.6874734326090648
Pleck,0.041666666666666664,0.2041241452319315,8.33333325,0.5
Plumstead & Glyndon,4.680466976057468,5.111760731442793,55.88087317499423,1.651929520961459
Plumstead Common,2.4274503930339066,2.8714909000370827,42.5904773469355,1.0044622316002374
Pocklington Provincial,0.0,0.0,0.0,
Pollards Hill,1.6004384509905882,2.2995226821351604,109.19824762077093,0.9602630705943529
Ponders End,3.172214509810555,3.9470421023923876,41.85284014115787,0.5947902205894791
Poplar,1.9587285107785863,2.3382951807444097,73.7660789374736,0.7345231915419699
Portsoken,1.50487591837656,1.816382555534044,53.435357783513325,0.694558116173797
Potters Bar Furzefield,0.041666666666666664,0.2041241452319315,8.33333325,0.5
Potters Bar Oakmere,0.020270270248202344,0.020270270248202344,199.9999013333819,
Preston,1.1753296061993759,1.653220742858407,47.156631916099414,0.5641582109757004
Primrose Hill,3.1521624881964456,3.8182870239738245,43.162958338726924,0.7274221126607183
Prince's,2.0067567567567566,2.0067567567567566,199.99999900336704,
Prittlewell,0.041666666666666664,0.2041241452319315,8.33333325,0.5
Purley & Woodcote,2.9741949309579834,3.457941078593373,31.283572549200596,1.0197239763284516
Purley Oaks & Riddlesdown,1.97908137627204,2.39206256837352,60.247973752249564,0.8481777326880171
Queen's Gate,2.656409073058971,3.3660163159136767,44.942132006684226,1.0282873831196016
Queen's Park,2.6998375492508515,3.1953155560522775,40.51803218839842,0.719956679800227
Queens Park,3.2917773041982543,4.137592158481999,30.239294016870033,0.7315060675996121
Queens Park & Central,0.041666666666666664,0.2041241452319315,8.33333325,0.5
Queensbury,2.282628494393373,2.8301315051520666,32.18745115326413,0.7826154837920136
Queenstown,1.7292261648319485,1.7556520222064314,187.01939421089423,5.187678494495846
Rainham & Wennington,1.985446926821382,2.555105606409962,46.28025472073355,0.6109067467142714
Ravensbury,1.409641607867755,1.8105749874996044,58.22443367792679,0.6265073812745577
Ravenscourt,2.3284094964191184,3.031664764869531,52.13812660366085,0.9634797916217043
Rayners Lane,1.6612476235386786,2.0386525773297257,87.71871260705105,0.7667296724024671
Raynes Park,2.5547772996422347,3.367403623533199,62.23162508010726,0.958041487365838
Redcliffe,3.287705944345717,4.253475845521196,32.25879849105226,1.0662830089769892
Regency,0.0,0.0,0.0,
Regent's Park,4.036279339442133,4.731909862679535,21.236460608422263,0.8969509643204739
Reigate,0.0,0.0,0.0,
Rickmansworth Town,0.1958124067670265,0.3111299505097849,192.96020870465344,0.783249627068106
Ridgeway,2.8467772930189548,3.3606871907104616,63.28286479882905,1.067541484882108
Riverside Park,0.0,0.0,0.0,
Roehampton,2.6745843622053145,3.290017491548811,39.503707249817595,0.8674327661206425
Rotherhithe,4.6723993870797145,5.264658067497998,58.34381043248303,1.5574664623599048
Round Green,0.041666666666666664,0.2041241452319315,8.33333325,0.5
Roundwood,1.9166666666666667,2.811386949271808,23.09966316907389,0.638888888888889
Roxbourne,2.1209939637693505,2.347339144665053,68.12449226440256,0.8210299214591034
Roxeth,3.006041415806175,4.324664619998579,43.162178334776094,0.6113982540622729
Royal Albert,2.2876713621985205,3.3757955550245837,47.97233043052382,0.8855502047220078
Royal Docks,4.764461966197843,4.768261549331783,199.99999957941282,
Royal Hospital,3.472582767365285,3.8797603131207263,55.970321061762284,1.344225587367207
Royal Victoria,4.719547816768469,6.05392868812086,78.68374745985744,1.2585460844715919
Roydon & Lower Nazeing,0.0,0.0,0.0,
Royston Meridian,0.0,0.0,0.0,
Royston Palace,0.0,0.0,0.0,
Ruislip,2.4683350337590113,3.146135376982141,44.7744606454467,0.8462862972888039
Ruislip Manor,1.1959009349351457,1.4384779475187806,75.72682012360286,0.6523096008737159
Rush Green & Crowlands,4.3146926801123415,5.720136717544086,73.67282809812914,0.7965586486361246
Rushey Green,6.413065731660194,7.241976282860213,42.89123841102487,0.9053739856461451
Ruxley,0.02702702699766779,0.02702702699766779,199.9999260000273,
Rye Lane,3.5878452339081015,4.1881502685407295,24.16028438883231,0.8123423171112683
Sanderstead,2.4350610661421106,2.8568264505306376,59.20689138250923,0.9426042836679137
Sands End,2.2065154771460516,2.746962800657365,42.98097627668516,0.7156266412365573
Selhurst,3.143522711204787,4.155398897695167,43.22732922304348,0.6736120095438829
Selsdon & Addington Village,2.6379308156292245,3.619699674318396,68.45405966619839,0.7361667392453649
Selsdon Vale & Forestdale,1.6543582138739943,1.9618849101290345,83.60305837685937,0.7940919426595172
Seven Kings,2.9008724108037476,3.955344093234822,49.24903858802024,0.7567493245574993
Seven Sisters,2.3434512865503376,3.066145090437491,43.488106191243475,0.6113351182305229
Shacklewell,2.3990658980600554,2.8077485965033055,38.08016844309238,0.9596263592240222
Shadwell,2.6119082229128607,3.1025350202719184,43.680243209465225,0.7835724668738582
Shaftesbury & Queenstown,2.4849744173152164,3.0065378245104637,47.17314454268297,1.1469112695301
Shenley,0.041666666666666664,0.2041241452319315,8.33333325,0.5
Shepherd's Bush Green,2.9466881897114816,3.660319498873943,42.22751593875958,0.7366720474278704
Shildon and Dene Valley,0.0,0.0,0.0,
Shirley North,1.7645400297776568,2.157973870136682,52.01673851317633,0.6416509199191479
Shirley South,1.8436080127723713,2.1253870759812665,81.0139057598786,1.3013703619569679
Shooters Hill,1.3632469442401405,1.664055745482557,42.54896044868497,0.7112592752557254
Shortlands & Park Langley,2.842046168196752,3.0613843926078186,66.63868244519449,1.2631316303096676
Sidcup,2.308673674752074,2.783271376369694,54.428999487559395,0.9553132447249962
Singlewell,0.0,0.0,0.0,
Slade Green & Northend,2.187006438416144,2.639843109912873,44.33952283122204,0.7718846253233449
Somerton,0.0,0.0,0.0,
South Acton,4.01696087353669,5.1002528327041,40.400363321029765,0.6427137397658704
South Balham,1.9200290164288585,2.2866512609402947,41.045214751591004,0.794494765418838
South Beddington & Roundshaw,1.4937908627108427,1.8709685810454475,40.086645773273275,0.6401960840189326
South Bermondsey,3.730098728276406,4.478392226069542,32.03416617878637,1.443909185139254
South Chafford,0.0,0.0,0.0,
South Croydon,2.7644712168051755,3.630697852369293,44.077541300373156,0.6143269370678168
South Ham,0.0,0.0,0.0,
South Hampstead,4.892207139459348,6.361495361098997,59.8945311099701,1.0299383451493365
South Hornchurch,2.400006198071646,2.871285398727876,85.78256719586804,0.9290346573180565
South Norwood,2.2887330499486964,2.9328718276612733,41.801199921394996,0.6539237285567704
South Richmond,2.778927074876415,3.9826224555945218,27.24393896043801,0.5850372789213506
South Ruislip,3.0612378035721406,3.7375776899526647,51.415356657842594,0.7653094508930351
South Tottenham,3.817595687771226,4.45310930115707,43.01735102876731,0.9747052819841429
South Twickenham,2.0045467796348255,2.392555659036146,57.19913289741713,0.7517050423630596
South Woodford,3.1365753724082643,4.201883451906239,63.78936563767682,0.8554296470204358
Southall Broadway,2.1559684684684686,2.6122621308872302,29.726852686642108,0.7609300476947536
Southall Green,3.65399401349747,4.607125653117478,40.46112200789651,0.8119986696661045
Southall West,1.1293675330443493,1.346710526034841,123.79428257767213,0.847025649783262
Southbury,2.601942346564193,3.1120020801508375,35.15789966283072,0.6504855866410483
Southcote,0.0,0.0,0.0,
Southfield,2.5408526604367956,3.421165448370647,45.775204463151795,0.7622557981310386
Southfields,5.810268760185771,5.967612482974018,101.5667397027572,1.7430806280557312
Southgate,2.2233506749174268,2.6473666849986306,41.51360713579981,0.8606518741615845
Southwater North,0.0,0.0,0.0,
Spitalfields & Banglatown,4.43308930702475,5.519044511737043,31.62470322014653,0.6733806542316076
Springfield,3.843474366112705,4.387770574059596,45.440626539991996,1.3177626398100704
Squirrels Heath,1.7604134962393208,2.1670977454314024,39.996446908542424,0.8124985367258404
St Alban's,2.161471182877882,2.5733853713460126,63.32759692634035,0.5763923154341019
St Andrew's,2.6081027008452335,3.1162458510268305,64.32227676211681,0.8236113792142843
St Ann's,1.9206475375834657,2.5000127704032886,38.74431743910575,0.7682590150333863
St Dunstan's,2.9331974340809097,3.537909395309788,41.33057166628454,0.8799592302242729
St Edward's,3.0467611283849223,3.579868878923264,56.32156475793173,0.9140283385154766
St George's,2.1955663366932106,2.670938910831994,46.84316952902498,0.8498966464618879
St Giles,4.218098214284267,4.79551448523805,56.353427024862604,0.7787258241755569
St Helier,2.2784788182520637,2.569675822386133,70.14510252994529,0.9428188213456816
St Helier East,1.3078482516849144,1.651456520901088,85.89835149080486,0.7847089510109486
St Helier West,1.7282494638666286,2.2653447444813977,55.914872684291,0.7151377091861911
St James,5.1160761969612025,6.265288018772357,111.89313165836322,1.5741772913726777
St James's,5.785560641269053,6.833640000370899,19.638925292287333,0.8265086630384362
St Katharine's & Wapping,2.041745271729351,2.4509243821856526,23.399595968014573,0.6621876556960058
St Margarets & North Twickenham,2.886281461927077,3.812879899592499,57.57561041710188,1.1545125847708309
St Mark's & Seething Wells,2.019364286141001,2.3912017764638547,61.365809789526836,0.673121428713667
St Martin's,2.5180758692466942,3.293462499393305,43.11596214457139,0.5595724153881543
St Mary Cray,3.4454036086178044,3.953071171990565,50.43701386243161,1.008410812278382
St Mary's,4.590917645420508,5.974434722680186,49.659222111900014,1.2520684487510478
St Mary's & St James,3.702678627038644,4.135455626766533,88.6546880261394,1.346428591650416
St Mary's & St James',3.899523773568775,4.318597022858274,42.2985076616055,0.8209523733829001
St Mary's Park,0.85707353072317,0.8710975034897332,192.1538445704408,10.28488236867804
St Matthew's,0.0,0.0,0.0,
St Osyth,0.0,0.0,0.0,
St Pancras & Somers Town,3.202702702702703,3.9284212228470268,35.57163759213497,0.7117117117117118
St Pancras and Somers Town,0.891891891891892,0.891891891891892,199.99999775757578,
St Paul's Cray,3.0957148154729883,3.9800457065357553,34.82548421017502,0.977594152254628
St Peter's,6.436936936936938,6.449331698116118,196.08776073707065,38.62162162162163
St Peter's & Canalside,3.1897522522522515,3.967767933178646,35.874156255278564,0.5888773388773387
St Peters,0.0,0.0,0.0,
St. Helen's,1.7302821933431949,2.271319333350115,52.131335079208164,0.692112877337278
Staines South,0.041666666666666664,0.2041241452319315,8.33333325,0.5
Stamford,0.00043015319630418733,0.0020583038027025056,16.6663155031949,
Stamford Hill West,1.5025142546122927,1.8872375743324057,47.71620745600878,0.7512571273061464
Standish with Langtree,0.041666666666666664,0.2041241452319315,8.33333325,0.5
Stanley,3.0911718727680104,3.7403900672605848,39.814424473901425,0.883191963648003
Stanmore,3.2439124352898077,4.062871715258882,49.492053745171546,1.1121985492422197
Stanwell North,0.0,0.0,0.0,
Stepney Green,2.25,3.0620903217960413,38.25730579691989,0.6136363636363636
Stockwell East,3.3416444894420683,3.6420654967264605,53.97618845695242,1.6708222447210341
Stockwell West & Larkhall,2.522684286465457,3.100495279083528,34.42334245094402,0.7966371430943548
Stockwood,0.0,0.0,0.0,
Stoke Newington,3.6257849798498882,4.224415454186907,52.604568403594996,0.6398444082088037
Stoke Poges and Wexham,0.0,0.0,0.0,
Stonebridge,5.335137075986315,6.0341155080279405,47.792584606155295,0.831449933919945
Stonecot,1.937641192248549,2.3342076459443604,68.68533011287569,0.8611738632215773
Stoneleigh,0.2663149135764113,0.3338615667803193,194.8712513718149,3.1957789629169358
Stratford,9.820200984811146,11.467159791807617,83.46275856924431,1.2808957806275407
Stratford Olympic Park,10.684733825460436,12.337008456050665,162.85055650224638,1.6027100738190652
Stratford and New Town,7.624880192807804,7.70461031960053,188.8500622729439,11.437320289211707
Streatham Common & Vale,2.9443332342558777,3.913675705403849,51.4542458344878,0.8029999729788757
Streatham Hill East,2.0805350491449213,2.4125505093360835,52.45049187499622,0.6241605147434763
Streatham Hill West & Thornton,3.6545507705701774,4.207811226428881,56.296724644193965,0.9745468721520473
Streatham St Leonard's,2.65926644022275,3.532646581569442,29.850092511788752,0.6789616443121915
Streatham Wells,0.9544542153721624,1.103662550241148,33.041902225943545,0.6363028102481082
Streetly,0.0,0.0,0.0,
Stroud Green,2.206683540348268,2.6606966825023175,35.09425754739755,0.8542000801348133
Sudbury,1.0555076083911341,1.3287636391668074,46.97010606591752,0.7450641941584476
Sunbury Common,0.06756756753960357,0.06756756753960357,199.9999704000044,
Sunbury East,0.05287734207418313,0.052937281252313846,199.9999620901426,
Surbiton Hill,2.3738738738738743,2.7778653301679888,58.52277463825488,0.8902027027027029
Surrey Docks,2.285882042069291,2.948316506518457,41.527350259735954,0.7619606806897637
Sutton Central,2.19816195131941,2.677478820634504,46.77175517772993,0.9769608672530712
Sutton North,2.04719203094362,2.253220635808123,60.61659217340267,0.8773680132615513
Sutton South,2.398365828978063,3.089380360684394,52.836149511719285,0.5995914572445158
Sutton West & East Cheam,1.9076576576576576,2.345357120855729,45.6057574202211,0.618699780861943
Swanley St Mary's,0.0,0.0,0.0,
Sydenham,3.1678994547461183,3.6473472257988964,36.19321597074925,0.7039776566102485
Syon,3.4010872902455866,3.4645043568882294,192.04233721346287,13.604349160982347
Syon & Brentford Lock,3.7167792792792795,4.548458414333354,45.059681205737164,1.061936936936937
Tachbrook,1.3445945945945945,1.3445945945945945,199.99999851256283,
Tatsfield & Titsey,0.04729729729607405,0.047297297296074056,199.99995771429465,
Tattenham Corner & Preston,0.041666666666666664,0.2041241452319315,8.33333325,0.5
Teddington,2.078737827614973,2.869582282871381,44.94496423426025,0.5939250936042779
Telegraph Hill,2.774918074755519,3.7470212736963835,42.23327163989536,0.7399781532681384
Temple Hill,0.0,0.0,0.0,
Temple Newsam,0.0,0.0,0.0,
Tewkesbury North & Twyning,0.041666666666666664,0.2041241452319315,8.33333325,0.5
Thames,3.605855855855857,3.627935869806989,194.140933759567,21.635135135135144
Thames Ditton,0.0,0.0,0.0,
Thames View,1.4750656879663717,1.8878004776603385,83.64521750847857,1.1800525503730974
Thamesfield,4.136831553666235,5.077202302950844,49.4153693713363,0.8006770749031421
Thamesmead East,2.2343230682996045,2.6753195842507544,49.75989861063892,0.6539482151120793
Thamesmead Moorings,1.63461142979891,2.085362093720801,62.44663718446499,0.8916062344357691
The Wrythe,2.1653625189492343,2.6719840055115873,63.83380950479833,0.683798690194495
Theydon Bois with Passingford,0.0979256058207945,0.35673064969757295,48.44754034697775,
Thornton Heath,2.2326644398922206,2.6789359308126315,45.86644302817795,0.686973673812991
Thorpe,0.0,0.0,0.0,
"Tilney, Mershe Lande & Wiggenhall",0.0,0.0,0.0,
Tokyngton,3.6297896600794672,3.9970668528100326,85.73015021173597,1.7422990368381441
Tollington,4.46642880651739,5.863543101514228,37.000026138888046,0.9240887185898049
Tolworth,1.7262891380182854,2.00117490378982,54.18383296818092,0.7672396168970157
Tooting Bec,2.414813535680287,2.980789071238969,38.71857224003807,0.8279360693760984
Tooting Broadway,3.4995018077252396,5.020161009822448,34.21574161563253,0.5914650942634208
Tottenham Central,3.015502346788754,3.8378754935488213,40.9192847550046,0.7237205632293009
Tottenham Hale,2.1754107303404857,2.7052284857090703,30.062201599680584,0.7458551075453094
Totteridge & Woodside,3.3058088898609945,4.253731389698484,43.08838243090475,0.8623849277898247
Town,3.0894332279966386,3.872861137278869,36.79546168100005,0.7565958925706054
Townfield,0.2550166449273142,0.2963018418553583,199.99996774778486,
Trinity,2.276214769181386,2.9371913435254187,41.5326052355895,0.5690536922953465
Trumpington,0.0,0.0,0.0,
Tudor,1.5612258425363077,1.8445994454612602,72.203253815421,0.7493884044174276
Tufnell Park,2.4166666666666665,2.967063597801788,36.22653584170541,0.725
Twickenham Riverside,2.883285528112737,3.724315962633648,63.760877302287135,0.5766571056225474
Underhill,1.6316758964097315,2.0917773390499974,70.06299082904523,0.8900050344053082
Upminster,2.4874618416799557,3.824797946562106,58.08279299287625,0.7280376121990114
Upper Edmonton,3.778975512459677,4.449631869737641,37.14343601677872,0.8397723361021504
Upper Walthamstow,1.8275683256920903,2.4284880927822377,60.45575981175128,0.6645703002516692
Upton,0.0,0.0,0.0,
Uxbridge,3.831064013096063,4.98675422714012,38.12078472441199,0.8513475584657918
Uxbridge North,3.632232797552625,3.678332262906752,199.99999943387115,
Uxbridge South,1.738376098430824,1.7498234239920125,194.00488730147856,20.86051318116989
Valence,2.869776392535138,3.163694261424346,50.740345309080595,1.1479105570140553
Valentines,2.04024914163645,2.3354820760162314,63.041988221134545,0.8743924892727641
Valley,3.608367506782854,4.630763534079116,50.665342879480754,0.7596563172174429
Vauxhall,4.3903944633910195,5.186993202089119,69.91316340679018,1.3171183390173058
Victoria,6.145344575653444,6.927524468828323,58.34711898920495,1.1894215307716343
Village,4.28286148827505,5.126389628627903,37.560885284034626,0.7238639135112761
Vincent Square,2.2883315980050334,2.8321233362405422,38.81534503499559,0.7845708336017257
Waddon,4.385596459619015,5.4361752302167465,55.98223669356983,1.3494142952673893
Wakefield North,0.0,0.0,0.0,
Walbrook,5.3340542456426165,6.483853726957681,32.46822562244606,0.9553529992195732
Walham Green,3.3385164761337975,3.890751378680769,48.38173020091494,0.741892550251955
Wall End,1.513583124308562,1.7700665809227356,55.565556763569376,0.9559472364054077
Wallington North,1.4740821752861546,1.807344147620032,39.38267423855402,0.8844493051716927
Wallington South,1.6545221391486644,2.017085453768402,35.267420607716176,0.902466621353817
Walpole,3.5353155044278366,4.527818781193178,59.6869242355778,1.010090144122239
Waltham Abbey North,0.041666666666666664,0.2041241452319315,8.33333325,0.5
Waltham Abbey South & Rural,0.11711711709334811,0.27967858696428105,198.7012533322736,0.7027027025600887
Waltham Abbey West,0.12837837837837837,0.2779319432595018,198.29056423203565,0.7702702702702703
Waltham Cross,0.18581081039583203,0.3336223486033388,196.24997824377778,2.2297297247499843
Walton Central,0.0,0.0,0.0,
Walton South,0.0,0.0,0.0,
Wandle,2.7507454114065424,3.351456569615324,49.770201186372105,0.6112767580903428
Wandle Valley,0.9018632939283172,0.9262577482508727,192.0535572086192,10.822359527139808
Wandsworth Common,3.4448975763631453,4.599629402875769,50.297067258691676,0.712737429592375
Wandsworth Town,3.9670704111821684,5.093483084853234,42.5533300134737,0.7438257020966567
Wanstead Park,1.8104112280480906,2.41870879075146,70.70507979508122,0.7491356805716237
Wanstead Village,2.716562172481947,3.68614185566831,38.344678076904884,0.7086683928213775
Warley,0.041666666666666664,0.2041241452319315,8.33333325,0.5
Warlingham East & Chelsham & Farleigh,0.02952872516664065,0.03015559091794424,199.99990313308666,
Warlingham West,0.07432432432431953,0.07432432432431953,199.9999730909127,
Waterloo & South Bank,3.4519662695046978,4.283929038915962,25.93106114499714,0.6182626154336772
Wealdstone North,1.9849777775940158,2.385842622600424,44.093066532285604,0.6616592591980053
Wealdstone South,2.12330061497792,2.840647719167741,43.76871702737573,0.6533232661470524
Weavers,4.4877138590085055,5.454754926763822,34.83290619838763,0.7804719754797401
Welsh Harp,4.881087346277718,6.167330672451844,67.87571312979401,0.8023705226757892
Wembley Central,2.1652233037846407,2.655803281601384,46.69452963832785,0.8381509563037318
Wembley Hill,1.7899759582438861,2.172722844389649,34.94976423303457,0.8261427499587167
Wembley Park,3.595157657657657,4.456349584490287,93.06560030660762,1.2326254826254825
Wendell Park,1.0495869733770908,1.221164127100672,76.56957874458647,0.5476105948054387
West Barnes,2.016244239028699,3.1603683217104805,55.49502002043718,0.6539170504957942
West Drayton,2.796205529964128,3.949611912404416,42.45212146934404,0.762601508172035
West Dulwich,1.9222367988767388,2.6363578081744707,54.31143207805138,0.6784365172506137
West End,10.50887583361036,12.982510468082074,19.924852680925177,0.7206086285904246
West Finchley,3.213073322169533,4.0346865496095115,33.45213950608532,0.7560172522751842
West Green,4.332251103222059,4.921786659594133,74.70458951142541,1.0830627758055147
West Ham,2.448788005615308,2.905835898034024,50.44093123584458,0.599703185048647
West Hampstead,4.010924808182103,4.999145280175411,41.33159065092876,1.2341307102098777
West Harrow,1.3589043736333732,1.6405968929511703,66.85622591578522,0.6794521868166866
West Heath,1.6349442527496894,2.355043961742692,50.45841943741212,0.6539777010998757
West Hendon,3.1767196578767014,4.051646210132086,28.230577293733617,0.8471252421004537
West Hill,3.8935042875290553,4.284516285543332,65.64023583183625,1.7304463500129135
West Kensington,2.637848456828179,3.134391656869707,47.620825053511446,1.2661672592775257
West Middleton,0.0,0.0,0.0,
West Putney,3.0479913809783685,3.6969158038508465,44.430176077515064,1.0450256163354408
West Thamesmead,2.88230450594164,3.29510857096623,83.17724766850714,1.3302943873576802
West Thornton,3.604476995423036,4.698276096034471,42.93419028588188,0.9611938654461429
West Thurrock and South Stifford,0.0,0.0,0.0,
West Twickenham,1.7135822354316896,2.0781583829737005,48.970337721915854,0.709068511213113
West Wickham,2.9121630950898307,3.6812223611191586,67.53479008705395,0.6989191428215593
Westbourne,2.939752252252253,3.906731982682488,40.58820980390716,0.6299469111969113
Westerham and Crockham Hill,0.11599099099099101,0.20367634035200738,198.7499762955932,1.3918918918918923
Westgate,0.0,0.0,0.0,
Westway,0.0202702702401266,0.0202702702401266,199.99990133338184,
Whalebone,2.157091156528413,2.6019805711520703,41.761695766188716,0.7613262905394399
Wheatley Hills & Intake,0.0,0.0,0.0,
Whetstone,1.9583333333333333,2.393254392931625,37.30603882422223,0.94
White City,1.2071137250719837,1.5567363489362258,40.681423784686025,0.7623876158349371
White Hart Lane,2.0940719303895565,2.3998324327713183,36.50182917327528,1.005154526586987
Whitechapel,5.58602520813796,6.549435250583225,39.767440286399655,0.6910546649242837
Whitewebbs,4.57220056813783,5.62594967986148,56.620396685108965,0.645487139031223
Whitton,1.3097227450202298,1.6157435760393113,50.544262400768844,0.5820989977867688
Whyteleafe,0.0,0.0,0.0,
Willesden Green,2.9353706354131703,3.7658842637088807,31.725439566614977,0.838677324403763
William Morris,2.6289146883360313,3.240047916470807,48.82709986656344,0.8763048961120105
"Wilmington, Sutton-at-Hone & Hawley",0.0,0.0,0.0,
Wimbledon Park,2.6786047449356567,3.1609016958899905,44.27805372772457,0.8928682483118856
Wimbledon Town & Dundonald,2.182875470724731,2.9698030336939105,58.69908223191484,0.7704266367263756
Winchmore Hill,3.066445453779169,4.53049390714489,45.263940944396055,0.6570954543812505
Wingrove,0.041666666666666664,0.2041241452319315,8.33333325,0.5
Woldingham,0.0,0.0,0.0,
Wood End,4.933001062697721,5.850756542427499,70.47061844363239,1.517846480830068
Wood Street,1.9506608667483798,2.3718064740260125,50.818027504559915,0.780264346699352
Woodberry Down,2.795778311417944,3.4488261884943707,43.96551099240047,0.5990953524467023
Woodford and Weedon,0.041666666666666664,0.2041241452319315,8.33333325,0.5
Woodhouse,2.205436895384676,2.7981432496770253,35.16751566768687,0.8270388357692535
Woodside,3.5144253298645736,3.9159172863705702,33.258832717588675,0.958479635417611
Woolwich Arsenal,3.7252252252252256,4.927955206044699,51.538937076439474,0.6984797297297298
Woolwich Common,2.6148990357665487,3.078146024595985,44.05826018544721,0.8716330119221829
Woolwich Dockyard,2.9778713849991028,3.813512365461859,47.97998403990438,0.7768360134780268
Woolwich Riverside,6.120468166220266,6.162431083702238,194.2848780993666,24.481872664881063
Worcester Park North,1.5550484535638915,1.938712298977855,68.98450471427337,0.9821358654087736
Worcester Park South,1.8130775636332064,2.174177379847664,78.95136382427522,1.145101619136762
Wormholt,2.085338153159164,2.4538244054021283,64.304740106863,1.2512028918954985
Yeading,1.750513083415237,2.1033285815219696,42.84650986580105,0.7243502414132015
Yiewsley,2.261688387414831,3.7713948315970325,41.629252628624904,0.7142173854994203
